{"overall_loss": 1.018904447555542, "excess_loss": 1.4919672267777577, "pointwise/loss": {"0": 5.575882911682129, "1": 7.153304576873779, "2": 6.171899795532227, "3": 4.800419807434082, "4": 4.257626533508301, "5": 2.5310630798339844, "6": 2.0472588539123535, "7": 1.3636746406555176, "8": 1.5550110340118408, "9": 0.9851264953613281, "10": 0.38902050256729126, "11": 0.5370299816131592, "12": 0.32544857263565063, "13": 0.2467690110206604, "14": 0.3906601071357727, "15": 0.2791130244731903, "16": 0.231195330619812, "17": 0.15831169486045837, "18": 0.1827671229839325, "19": 0.16539433598518372, "20": 0.17700695991516113, "21": 0.13493633270263672, "22": 0.16368743777275085, "23": 0.12817418575286865, "24": 0.1054292693734169, "25": 0.11670200526714325, "26": 0.08505062758922577, "27": 0.1107613742351532, "28": 0.1097346618771553, "29": 0.2950094938278198, "30": 0.09888122230768204, "31": 0.05113361030817032, "32": 0.08908319473266602, "33": 0.09590664505958557, "34": 0.08125822991132736, "35": 0.0795091837644577, "36": 0.07762619853019714, "37": 0.09002569317817688, "38": 0.10419678688049316, "39": 0.12115367501974106, "40": 0.11283913254737854}, "n_points": 41, "n_dims": 7, "_timestamp": 1717410303, "_runtime": 820, "_step": 5000, "_wandb": {"runtime": 1035}}