{"overall_loss": 3.8174736499786377, "excess_loss": 1.1088852030890328, "pointwise/loss": {"0": 23.375547409057617, "1": 19.107776641845703, "2": 15.713610649108887, "3": 15.405546188354492, "4": 18.633943557739258, "5": 22.206430435180664, "6": 10.796743392944336, "7": 15.744207382202148, "8": 10.811288833618164, "9": 9.900432586669922, "10": 9.13989543914795, "11": 8.461429595947266, "12": 10.824189186096191, "13": 9.218567848205566, "14": 6.780582427978516, "15": 5.096958160400391, "16": 5.651573657989502, "17": 3.9233639240264893, "18": 2.134613037109375, "19": 1.8332377672195435, "20": 1.6375771760940552, "21": 1.0635733604431152, "22": 0.5930627584457397, "23": 0.3279416263103485, "24": 0.3371015787124634, "25": 0.3173709809780121, "26": 0.2662273049354553, "27": 0.17951038479804993, "28": 0.21687233448028564, "29": 0.11864934116601944, "30": 0.2123478204011917, "31": 0.06083042547106743, "32": 0.10863201320171356, "33": 0.09017473459243774, "34": 0.09832596033811569, "35": 0.07738818973302841, "36": 0.07188930362462997, "37": 0.09605886042118073, "38": 0.12333466112613678, "39": 0.07188431918621063, "40": 0.0868435651063919, "41": 0.08833526074886322, "42": 0.06758750230073929, "43": 0.0859268382191658, "44": 0.04616239294409752, "45": 0.09625305980443954, "46": 0.0973280817270279, "47": 0.06777729839086533, "48": 0.08182433247566223, "49": 0.075457863509655, "50": 0.08644138276576996, "51": 0.07767357677221298, "52": 0.08269886672496796, "53": 0.10440821200609207, "54": 0.08737163245677948, "55": 0.11397941410541534, "56": 0.07891416549682617, "57": 0.11144550889730453, "58": 0.0636138841509819, "59": 0.19701528549194336, "60": 0.2401442527770996}, "n_points": 61, "n_dims": 20, "_timestamp": 1717754930, "_runtime": 24357, "_step": 50000, "_wandb": {"runtime": 29173}}