{"overall_loss": 5.16513204574585, "excess_loss": 1.0084305422646658, "pointwise/loss": {"0": 17.764881134033203, "1": 18.01541519165039, "2": 25.49165153503418, "3": 19.738662719726562, "4": 15.937166213989258, "5": 12.520280838012695, "6": 11.702052116394043, "7": 9.930139541625977, "8": 9.457244873046875, "9": 8.771980285644531, "10": 11.811485290527344, "11": 8.95353889465332, "12": 9.062084197998047, "13": 5.300830364227295, "14": 4.540696144104004, "15": 4.867372035980225, "16": 5.056087493896484, "17": 3.884446620941162, "18": 2.7420308589935303, "19": 1.3945597410202026, "20": 1.0713105201721191, "21": 0.5466145277023315, "22": 0.9868332147598267, "23": 0.4520661532878876, "24": 0.2289625108242035, "25": 0.21636882424354553, "26": 0.19867083430290222, "27": 0.10685928165912628, "28": 0.12483642250299454, "29": 0.10317425429821014, "30": 0.08383937925100327, "31": 0.10483285784721375, "32": 0.055127181112766266, "33": 0.07627648115158081, "34": 0.0721224918961525, "35": 0.05249640345573425, "36": 0.06251859664916992, "37": 0.09137324243783951, "38": 0.06246805936098099, "39": 0.05636706203222275, "40": 0.07470232248306274}, "n_points": 41, "n_dims": 20, "_timestamp": 1717478949, "_runtime": 11855, "_step": 50000, "_wandb": {"runtime": 12061}}