{"overall_loss": 3.443659782409668, "excess_loss": 1.0003011748904274, "pointwise/loss": {"0": 14.827463150024414, "1": 20.089725494384766, "2": 14.364179611206055, "3": 10.256158828735352, "4": 13.45798110961914, "5": 16.008638381958008, "6": 16.701330184936523, "7": 14.573541641235352, "8": 11.016128540039062, "9": 10.296255111694336, "10": 11.439599990844727, "11": 10.40399169921875, "12": 7.611095428466797, "13": 8.422157287597656, "14": 5.757516860961914, "15": 4.080193042755127, "16": 4.654213905334473, "17": 4.079170227050781, "18": 2.4218976497650146, "19": 1.6569441556930542, "20": 1.5978472232818604, "21": 0.885142982006073, "22": 0.477973997592926, "23": 0.48900097608566284, "24": 0.4735109806060791, "25": 0.3165448307991028, "26": 0.26379016041755676, "27": 0.21763551235198975, "28": 0.1857013702392578, "29": 0.13829317688941956, "30": 0.10331526398658752, "31": 0.11339741200208664, "32": 0.11217976361513138, "33": 0.09443385899066925, "34": 0.14079733192920685, "35": 0.08330900222063065, "36": 0.0692419558763504, "37": 0.07590635120868683, "38": 0.07578647136688232, "39": 0.08712407946586609, "40": 0.05130575969815254, "41": 0.047541528940200806, "42": 0.04475893825292587, "43": 0.061931245028972626, "44": 0.058219265192747116, "45": 0.06891296058893204, "46": 0.07759614288806915, "47": 0.057349592447280884, "48": 0.06880569458007812, "49": 0.032483384013175964, "50": 0.07642616331577301, "51": 0.0628901943564415, "52": 0.06196075305342674, "53": 0.05287356674671173, "54": 0.07372324913740158, "55": 0.053862690925598145, "56": 0.06741581857204437, "57": 0.06589456647634506, "58": 0.04534725844860077, "59": 0.488600492477417, "60": 0.32625994086265564}, "n_points": 61, "n_dims": 20, "_timestamp": 1717796936, "_runtime": 20492, "_step": 50000, "_wandb": {"runtime": 32156}}